gmap_id,business_name,address,municipality
0x89c5eeaf610ad2f7:0x5076f64e790e3e46,Black Rock Brewing Company,"Black Rock Brewing Company, 325 S Centre St, Pottsville, PA 17901",Pottsville
0x89db4f31ec73e1a7:0x36d280f147eebb94,Second District Brew Farm,"Second District Brew Farm, 163 Fallsdale Rd, Milanville, PA 18443",Milanville
0x89c8c31763c3b8f1:0x586c33b6b283a11a,Lovedraft's Brewing Co,"Lovedraft's Brewing Co, 165 Gateway Dr, Mechanicsburg, PA 17050",Mechanicsburg
0x8832c3cdac2c3765:0x40d0fea341862ad4,Fat Chad's Tap & Steakhouse,"Fat Chad's Tap & Steakhouse, 113 S Franklin St, Titusville, PA 16354",Titusville
0x89c15345810ddf63:0x54b5c25ccd3e486e,Langhorne Brewing Company,"Langhorne Brewing Company, 1558 W Maple Ave, Langhorne, PA 19047",Langhorne
0x89c6b09f3a67fcbf:0xd380b8ccb8d0b5ad,Bill's Best,"Bill's Best, 57 S Keswick Ave, Glenside, PA 19038",Glenside
0x89c43fc0fb1bac35:0x532ea9e2172f86d6,Dave's Deli & Gelato,"Dave's Deli & Gelato, 444 Main St, Bethlehem, PA 18018",Bethlehem
0x89c6b0ea044bda3d:0x850554645656e740,Leila's Bistro,"Leila's Bistro, 307 Old York Rd, Jenkintown, PA 19046",Jenkintown
0x89c5b93ccf8ee107:0xcd435e8fa134c609,Revere Brewery,"Revere Brewery, 1313 E Broad St, Tamaqua, PA 18252",Tamaqua
0x89c6a821fc176357:0xa8b357b2ee142875,Geronimo Brewing at Lilly's Jury Room,"Geronimo Brewing at Lilly's Jury Room, Next to Lilly's Gourmet, 1 W Court St ste b, Doylestown, PA 18901",Doylestown
0x89c8998f763f5d91:0x6c1fc44b54cfa815,Cox Brewing Company's Rally Point Taproom,"Cox Brewing Company's Rally Point Taproom, 50 Veterans Dr, Elizabethtown, PA 17022",Elizabethtown
0x89c6259bca6a64f3:0x6448006d5a743c06,2nd Gear Taproom,"2nd Gear Taproom, 112 N Water St, Lancaster, PA 17603",Lancaster
0x89c691ed475ec5d5:0x7f8e51b73d44dfad,The Soundbank,"The Soundbank, 119 S Main St, Phoenixville, PA 19460",Phoenixville
0x89c8e93f97abf03f:0xd95b0dd6a1a8b573,Wolf Brewing Co.,"Wolf Brewing Co., 100 Legacy Park Drive Suite 400, Mechanicsburg, PA 17055",Mechanicsburg
0x89c6bf3a41c4a40b:0x864977c5373d3ab0,Conshohocken Brewing Company KoP,"Conshohocken Brewing Company KoP, 3100 Horizon Dr, King of Prussia, PA 19406",King of Prussia
0x8834f34765c41efd:0x804fcf4e4bc4cc5a,1700 Penn Ave,"1700 Penn Ave, 1700 Penn Ave, Pittsburgh, PA 15222",Pittsburgh
0x8834f34966362f01:0x39036312650e90c2,Helltown Brewing - Strip District,"Helltown Brewing - Strip District, 1700 Penn Ave, Pittsburgh, PA 15222",Pittsburgh
0x89c6c92f876fd253:0xde0fc06c6847073e,Mainstay Independent Brewing Company,"Mainstay Independent Brewing Company, 901 N Delaware Ave, Philadelphia, PA 19123, United States",Philadelphia
0x89c6c9b1aa5ea757:0x8ac3d3c083c1a69b,Taps Fill Station,"Taps Fill Station, The Bourse Food Hall, 111 S Independence Mall E, Philadelphia, PA 19106",Philadelphia
0x89c6c88564f49eed:0xe8ad64e1bfeae83e,Triumph Brewing Company,"Triumph Brewing Company, 117 Chestnut St, Philadelphia, PA 19106",Philadelphia
0x89cf6bf9a8fb6235:0xed6914c91ac27a1c,Eclipse Craft Brewing Company,"Eclipse Craft Brewing Company, 249 Market St, Sunbury, PA 17801",Sunbury
0x8834ed2bf4acc3b9:0x4f35090acd23d198,Inner Groove Brewing,"Inner Groove Brewing, 751 E Railroad Ave, Verona, PA 15147",Verona
0x88346fa84aaa2735:0x8dcb9ea604d46dfb,Bocktown Beer & Grill,"Bocktown Beer & Grill, 500 Beaver Valley Mall Blvd, Monaca, PA 15061",Monaca
0x89c625cab3883f0f:0xb1b3fc8367cb8341,Columbia Kettle Works 2nd Gear,"Columbia Kettle Works 2nd Gear, 112 N Water St, Lancaster, PA 17603",Lancaster
0x89c153db78c2c5fb:0xcfa02b43218c8d1a,Miller's Ale House,"Miller's Ale House, 2250 Lincoln Hwy, Langhorne, PA 19047, United States",Langhorne
0x89c623b43fb9d31d:0x567c6d0dc5f82edb,Miller's Ale House,"Miller's Ale House, 1000 Christopher Pl, Lancaster, PA 17601, United States",Lancaster
0x89c88fffcdfe9c15:0x7b712a30a706032,"Stony Run Brew House | Brewery in York, PA","Stony Run Brew House | Brewery in York, PA, 3605 E Market St, York, PA 17402",York
0x89c6c700f711b0d3:0xb176d8afbb4f8334,Workhorse Brewing Company (Delivery Only!),"Workhorse Brewing Company (Delivery Only!), 2401 Walnut St, Philadelphia, PA 19103",Philadelphia
0x8834ed283e7acde9:0xf75ef72310edb1d7,Acclamation Brewing,"Acclamation Brewing, 555 Wildwood Ave, Verona, PA 15147",Verona
0x89c90c8f87f9ea6d:0x4d40423649a09138,Maxie's Brew House LLC,"Maxie's Brew House LLC, 104 W Burd St, Shippensburg, PA 17257",Shippensburg
0x89cf6222bb5f26cb:0xe4f9a3f142ac819f,Covered Bridge Brewhaus & Taproom,"Covered Bridge Brewhaus & Taproom, 506 N 8th St, Shamokin, PA 17872",Shamokin
0x89c859812d23601f:0xbe5090107a0ffd8c,Public House at The Markets,"Public House at The Markets, 1649 Broadway, Hanover, PA 17331",Hanover
0x89c6f1319894ece3:0x28a634cc80565b8e,Appalachian Brewing Company West Chester,"Appalachian Brewing Company West Chester, 142 E Market St, West Chester, PA 19382",West Chester
0x89c8c1809f455555:0x1e0723277cfa788a,WingCraft Brewing + Tavern,"WingCraft Brewing + Tavern, 1300 Camp Hill Bypass, Lemoyne, PA 17011",Lemoyne
0x89c6937a316cd771:0x88fe81a35723e546,McKenzie Brew House,"McKenzie Brew House, 324 Swedesford Rd, Berwyn, PA 19312",Berwyn
0x89c48bbff2b0ec63:0x69d9870c97b023cf,Barley Creek Tasting Room + Pub,"Barley Creek Tasting Room + Pub, Next to Brooks Brothers, 1000 Premium Outlets Dr Suite F04, Tannersville, PA 18372",Tannersville
0x89cdafe69ff21dc9:0xb284f79ec2b02aa3,Straub Brewery Visitor Center & Tap Room,"Straub Brewery Visitor Center & Tap Room, 444 Brusselles St, St Marys, PA 15857",St Marys
0x89c655d664b26a55:0x7c8e5de419020dcd,Be Here Brewing Company,"Be Here Brewing Company, 122 Pennsylvania Ave, Avondale, PA 19311",Avondale
0x89db236235a7cb4d:0x24f669c7c6135474,Iron Horse Brewing Company,"Iron Horse Brewing Company, 1260 E Main St, Susquehanna, PA 18847",Susquehanna
0x89c8c1dfa8e94457:0x53e92d8b0fd3309d,Zeroday Brewing Company Taproom,"Zeroday Brewing Company Taproom, 925 N 3rd St, Harrisburg, PA 17102",Harrisburg
0x8834f1b92677ed49:0x9d4ec3ae2e2d10c9,Sly Fox Taphouse at the Point,"Sly Fox Taphouse at the Point, 300 Liberty Ave Suite 100, Pittsburgh, PA 15222",Pittsburgh
0x89c6711d37be1003:0xbff9a80d69e26eae,The Brick House Pub,"The Brick House Pub, 1348 Brooke Blvd, Reading, PA 19607",Reading
0x88349891a1b0e5bd:0x749c388c08e18b46,Cellar Works Brewing Co.,"Cellar Works Brewing Co., 110 S Pike Rd #205, Sarver, PA 16055",Sarver
0x88347f1eb0dd2ee7:0xeb413c6fec9ccb0b,Union Brothers Brewing,"Union Brothers Brewing, 365 Mercer Rd, Harmony, PA 16037",Harmony
0x89c6a7a3331412b7:0x62abe59daf895460,Tilt'em Back Brewing,,
0x89c88b8ea4571833:0x506653f83cd577d8,Crystal Ball Brewing Company - West York Bar,"Crystal Ball Brewing Company - West York Bar, 1612 W King St, York, PA 17404",York
0x89c64cb1825c1fe1:0xfac4f52dacf24e1,Hollow Earth Brewing,"Hollow Earth Brewing, 19 N 3rd St, Oxford, PA 19363",Oxford
0x89c68e125103e14f:0xe3d6a769b9eb4da4,Rebel Hill Brewing Company,"Rebel Hill Brewing Company, 420 Schuylkill Rd, Phoenixville, PA 19460",Phoenixville
0x88328181fabd1f77:0xcba73682b73d24ba,John Russell Brewing Company Brew House & Restaurant,"John Russell Brewing Company Brew House & Restaurant, 7520 Peach St #101, Erie, PA 16509",Erie
0x89c4d121ce342207:0x358c712f672f40b7,Breaker Brewing Outpost,"Breaker Brewing Outpost, 192 Wildcat Rd, Archbald, PA 18403",Archbald
0x89c6c630195588cf:0x120b33ae88f4e78c,Nodding Head Brewery & Restaurant,"Nodding Head Brewery & Restaurant, 1516 Sansom St, Philadelphia, PA 19102",Philadelphia
0x89c6944a258a1ac3:0x2963dbbdfa2a3b04,Rock Bottom,"Rock Bottom, 1001 King of Prussia Plaza, King of Prussia, PA 19406",King of Prussia
0x882d7e83c0c408c7:0xcd58eadd6cd2454d,Nostrovia Brewing Co.,"Nostrovia Brewing Co., 4415 E Lake Rd, Erie, PA 16511",Erie
0x8834ea41b391cb73:0xfdaea4fbff714e8e,Rivertowne Pour House,"Rivertowne Pour House, 312 Center Rd, Monroeville, PA 15146",Monroeville
0x8834f73da6630a89:0xa9674f720b50d8c6,Asadero by Mindful,"Asadero by Mindful, 1001 Washington Ave, Carnegie, PA 15106",Carnegie
0x89c8e186002727f9:0xedf82ced04f1e85d,Molly Pitcher Brewing Company Taproom on High,"Molly Pitcher Brewing Company Taproom on High, 139 W High St, Carlisle, PA 17013",Carlisle
0x89c89d1afdbd9c9d:0x5dddaa24948cea06,Bully's Restaurant & Pub,"Bully's Restaurant & Pub, 647 Union St, Columbia, PA 17512",Columbia
0x89c88ea15ba9890d:0x9f578b47ff643ec5,Liquid Hero Brewery,"Liquid Hero Brewery, 50 E North St, York, PA 17401",York
0x89c6c04e518bd01d:0xc2a1a6e87a5fa623,Town Tap by Conshohocken Brewing Co.,"Town Tap by Conshohocken Brewing Co., 13 W Benedict Ave, Havertown, PA 19083",Havertown
0x89cf6b418d05c2cf:0x22155febba704389,Pineknotter Brewing Company,"Pineknotter Brewing Company, 254 Front St, Northumberland, PA 17857",Northumberland
0x8834f2f6b1d69ba3:0xd04793e5f16f4110,Hop Farm Brewing Company,"Hop Farm Brewing Company, 5601 Butler St, Pittsburgh, PA 15201",Pittsburgh
0x89cfa6227434ef3d:0xafc4329e91575494,Boom City Brewing Company,"Boom City Brewing Company, 317 Pine St, Williamsport, PA 17701",Williamsport
0x89c6f143e7f8cc63:0xe17f88110bf635ea,The R'Alehouse at Boxcar,"The R'Alehouse at Boxcar, 142 E Market St, West Chester, PA 19382",West Chester
0x8832c35f9bff29c1:0x9d7fc946ee4df4d9,Lavery Brewing Lager Haus,"Lavery Brewing Lager Haus, 113 S Franklin St, Titusville, PA 16354",Titusville
0x89c6bb1389400a61:0x253b6993695442f1,Glenside Ale House by Round Guys Brewing Company,"Glenside Ale House by Round Guys Brewing Company, 17 Limekiln Pike, Glenside, PA 19038",Glenside
0x89cfd63d7435f551:0x5d7d447c5549d011,Yorkholo Brewing Co.,"Yorkholo Brewing Co., 19 N Main St, Mansfield, PA 16933",Mansfield
0x89cf69f57320641b:0x15b6fe393951ea94,Three Beards Brewing,"Three Beards Brewing, 109 Carroll Rd, Sunbury, PA 17801",Sunbury
0x89c6c8663a5f9bed:0x61cd6a7d00bbc9f9,Goose Island Brewhouse,"Goose Island Brewhouse, 1002 Canal St, Philadelphia, PA 19123",Philadelphia
0x89c6bff4fb1b23e5:0x45b014cccc2542ea,The Grog Grill,"The Grog Grill, 863 W Lancaster Ave, Bryn Mawr, PA 19010",Bryn Mawr
0x89c6e63bc1136ee5:0xcf6e94ada1f35bfb,2SP Brewing Company,"2SP Brewing Company, 120 Concord Rd #101-103, Aston, PA 19014",Aston
0x89c670e875a80379:0xfb5df6cfde2cd945,Oakbrook Brewing Company,"Oakbrook Brewing Company, 628 Park Ave, Reading, PA 19611",Reading
0x8834892acef6c4bf:0x78d095394910d780,Dented Keg Brewing Company,"Dented Keg Brewing Company, 700 Adams Shoppes, Mars, PA 16046",Mars
0x8834778fd33f5d85:0xbe605e6b380bafff,Koehler Brewery Pub,"Koehler Brewery Pub, 130 Wampum Ave, Ellwood City, PA 16117",Ellwood City
0x89c6c7bc7a4f7265:0x1c0a84391d1d88ff,Brewerytown Taproom,"Brewerytown Taproom, 1363 N 31st St, Philadelphia, PA 19121",Philadelphia
0x89c6392af90202c1:0x903cf0939490303d,Rumspringa Brewing Company,"Rumspringa Brewing Company, 3174 Old Philadelphia Pike, Bird in Hand, PA 17505",Bird in Hand
0x89c6f8a1c74b4809:0xb2c900e6e49420b2,Kennett Brewing Company,"Kennett Brewing Company, 109 S Broad St #2, Kennett Square, PA 19348",Kennett Square
0x89c6a45fea4f69a7:0xf7de56c570c39f8d,Iron Hill Brewery & Restaurant,"Iron Hill Brewery & Restaurant, 1460 Bethlehem Pike, North Wales, PA 19454",North Wales
0x89cb1147d9f0b5d9:0x8662223f9e819193,Stone Bridge Brewing Company,"Stone Bridge Brewing Company, 104 Franklin St, Johnstown, PA 15901",Johnstown
0x89c6c9a0887bd53b:0x3dca0a9372db04d0,Triple Bottom Brewing,"Triple Bottom Brewing, 915 Spring Garden St, Philadelphia, PA 19123",Philadelphia
0x89c6c86f78a7b661:0xe3506211c1478f4c,Urban Village Brewing Company,"Urban Village Brewing Company, 1001 N 2nd St, Philadelphia, PA 19123",Philadelphia
0x89c9ac637388ac03:0x418930ab6827a0d4,Appalachian Brewing Company of Gettysburg - Battlefield,"Appalachian Brewing Company of Gettysburg - Battlefield, 259 Steinwehr Ave, Gettysburg, PA 17325",Gettysburg
0x89cc9f3dadead147:0xe86e43f8e6576a12,B&J Restaurant,"B&J Restaurant, 4707 Richmond Rd, Rochester Mills, PA 15771",Rochester Mills
0x89c6248bf6bd0c59:0x79474d38b3b92638,Meduseld Meadery,"Meduseld Meadery, 252 Harrisburg Ave, Lancaster, PA 17603, United States",Lancaster
0x89c85a45ed54f593:0x5fedbba115e683b5,Aldus Brewing Company,"Aldus Brewing Company, 555 Centennial Ave, Hanover, PA 17331",Hanover
0x89c85a3ee831fae9:0xfc992f7d86b837dc,Something Wicked Brewing Company,"Something Wicked Brewing Company, 34 Broadway, Hanover, PA 17325",Hanover
0x89c6916f5199e2c3:0x3445d643d7295e80,Troubles End Brewing,"Troubles End Brewing, 50 W Third Ave STE 310, Collegeville, PA 19426",Collegeville
0x89c68fc7cad27157:0xc4941c8d626b6d35,Tuned Up Brewing Company,"Tuned Up Brewing Company, 135 N Main St, Spring City, PA 19475",Spring City
0x89c90c88b0350989:0xd6eb2c34222ba2f8,Appalachian Brewing Company Shippensburg,"Appalachian Brewing Company Shippensburg, 15 W King St, Shippensburg, PA 17257",Shippensburg
0x89c6c9734d79d975:0xdf0d5d714146f24d,Human Robot,"Human Robot, 1710 N 5th St, Philadelphia, PA 19122",Philadelphia
0x89c69603d82330e3:0x9a5e4e6ec93e290f,Puddlers Kitchen & Tap by Conshohocken Brewing Co.,"Puddlers Kitchen & Tap by Conshohocken Brewing Co., 3 DeKalb St, Bridgeport, PA 19405",Bridgeport
0x89c6bff43c38ac17:0xc2fbb670f8c27985,Tin Lizard Brewing Company,"Tin Lizard Brewing Company, 1000 Lancaster Ave, Bryn Mawr, PA 19010",Bryn Mawr
0x883333346893b68b:0xf49d781718056648,Clarion River Brewing Company,"Clarion River Brewing Company, 600 Main St, Clarion, PA 16214",Clarion
0x89c6bef5a61f2b5b:0x8db05d78144ad1e4,Conshohocken Brewing Company,"Conshohocken Brewing Company, 739 E Elm St #2301, Conshohocken, PA 19428",Conshohocken
0x89c1554c2b2cdbb5:0x63f3ff5301c9f199,Newtown Brewing Company,"Newtown Brewing Company, 103 Penns Trail, Newtown, PA 18940",Newtown
0x89c6b8ef1682ffff:0x91fc376ea9e323ea,New Ridge Brewing Co.,"New Ridge Brewing Co., 6168 Ridge Ave, Philadelphia, PA 19128",Philadelphia
0x89c46c593e50b515:0xf7d9b6dcd9920ff,Black & Blue,"Black & Blue, 683 Walnut St, Easton, PA 18042",Easton
0x8834f4045d8de557:0x114b15ddbd215b22,Bier's Pub & War Streets Brewery,"Bier's Pub & War Streets Brewery, 900 Western Ave, Pittsburgh, PA 15233",Pittsburgh
0x89c696b31558df57:0xb7ee37c810ef2e8f,Audubon Ale House,"Audubon Ale House, 2812 Egypt Rd, Audubon, PA 19403",Audubon
0x89c68de2616b264f:0x450b3de6c0724010,Uncle B's Bar B Q,"Uncle B's Bar B Q, 425 Bridge St, Phoenixville, PA 19460",Phoenixville
0x89c5102e0480278b:0x61e6b482f95269dd,Benny Brewing Co.,"Benny Brewing Co., 1429 Sans Souci Pkwy, Wilkes-Barre, PA 18706",Wilkes-Barre
0x89c51a092b917bc3:0x9df921daa47906b4,Keeley's,"Keeley's, 199 Division St, Kingston, PA 18704",Kingston
0x89cb97539af4fc89:0xf6b602120038bc9d,Chimney Rocks Brewing Company,"Chimney Rocks Brewing Company, 520 Blair St, Hollidaysburg, PA 16648",Hollidaysburg
0x88347e66b93b8681:0x3d4d44a2494d639,ShuBrew,"ShuBrew, 205 S Main St, Zelienople, PA 16063",Zelienople
0x8832801df02e232d:0x44c8541781e64571,The Brewerie at Union Station,"The Brewerie at Union Station, 123 W 14th St, Erie, PA 16501",Erie
0x88327f285ded0827:0xb6fa72f8eac49ba3,Millcreek Brewing Company,"Millcreek Brewing Company, 4102 W Lake Rd, Erie, PA 16505",Erie
0x89c6f2b0efd36183:0x2ca493c8bae48ba3,McKenzie Brew House,"McKenzie Brew House, 240 Lancaster Ave, Malvern, PA 19355",Malvern
0x89c8bed4b72f1c55:0x539659f4c57ec8d8,Official BBQ & Burgers/Official Brewing Co.,"Official BBQ & Burgers/Official Brewing Co., 6295 Lyters Ln, Harrisburg, PA 17111",Harrisburg
0x8834ed8cf9b41011:0x3fccac78c86e0a69,East End Brewing Company,"East End Brewing Company, 147 Julius St, Pittsburgh, PA 15206",Pittsburgh
0x89c61370f3567421:0x42fc57d8b219648,Union Barrel Works Brew Pub & Restaurant,"Union Barrel Works Brew Pub & Restaurant, 6 N Reamstown Rd, Reamstown, PA 17567",Reamstown
0x89c6b9adfe2a65d9:0xd7189c952ff99c8b,Chestnut Hill Brewing Company Taproom,"Chestnut Hill Brewing Company Taproom, 8231 Germantown Ave, Philadelphia, PA 19118",Philadelphia
0x89c469896078732f:0x7c6d77219e2a7ab4,Birthright Brewing Company,"Birthright Brewing Company, 57 S Main St, Nazareth, PA 18064",Nazareth
0x89c6c6eac72a9aff:0x7bcd8dc26327c3d8,Dock Street Brewery West,"Dock Street Brewery West, 701 S 50th St, Philadelphia, PA 19143",Philadelphia
0x88337544c9305873:0x348640533be77984,Voodoo Brewery Grove City,"Voodoo Brewery Grove City, 147B S Broad St, Grove City, PA 16127",Grove City
0x89c68e05c3ffffff:0x5969eb485489d8da,Sly Fox Brewhouse & Eatery,"Sly Fox Brewhouse & Eatery, 520 Kimberton Rd, Phoenixville, PA 19460",Phoenixville
0x89c8985b27d8a86b:0x69b24cf1d2838a53,Funk Brewing,"Funk Brewing, 28 S Market St, Elizabethtown, PA 17022",Elizabethtown
0x89c671222f4b708d:0x30d8b8d042b764d7,Saucony Creek Franklin Station Brewpub,"Saucony Creek Franklin Station Brewpub, 692 Franklin St, Reading, PA 19602",Reading
0x89c62494597271f9:0x82a9a23c3e2bb6d9,Lancaster Brewing Company,"Lancaster Brewing Company, 302 N Plum St, Lancaster, PA 17602",Lancaster
0x89c85a15b8500ded:0x91c51db863f726d0,Warehouse Gourmet Bistro & Brewpub,"Warehouse Gourmet Bistro & Brewpub, 7 Pennsylvania Ave, Hanover, PA 17331",Hanover
0x8834db3555c780f7:0xdbb6f953345e6b91,Penn Avenue Brews,"Penn Avenue Brews, 1317 Penn Ave B, Jeannette, PA 15644",Jeannette
0x8832576d69d3bce3:0xfbf0c2322963ab63,Voodoo Brewery & Brewpub,"Voodoo Brewery & Brewpub, 215 Arch St, Meadville, PA 16335",Meadville
0x89cf65409f01f199:0xae5feb89c61612e5,Rock God Brewing Co.,"Rock God Brewing Co., 459 Rooney Ave, Danville, PA 17821",Danville
0x89c6c60c16f5e643:0x460982aec35933e,Second District Brewing Company,"Second District Brewing Company, 1939 S Bancroft St, Philadelphia, PA 19145",Philadelphia
0x8834ed84dbdff24f:0xbd569d37ba0ddea,Couch Brewery,"Couch Brewery, 1351 Washington Blvd, Pittsburgh, PA 15206",Pittsburgh
0x89c61f6f5e60688f:0x89cd55715d011d87,Joboy's Brew Pub,"Joboy's Brew Pub, 27-31 E Main St, Lititz, PA 17543",Lititz
0x89c6c83bb7cc81b5:0x7c125c334666e1b6,Memphis Taproom,"Memphis Taproom, 2331 E Cumberland St, Philadelphia, PA 19125",Philadelphia
0x8834f9e2f4b74fed:0x62308ed1c02a105e,Mindful Brewing Company,"Mindful Brewing Company, 3759 Library Rd, Pittsburgh, PA 15234",Pittsburgh
0x8834f3c4a6e8ab6d:0x8d7cf7ff3d286660,East End Brewing's Growler Shop (former location),"East End Brewing's Growler Shop (former location), 2401 Penn Ave, Pittsburgh, PA 15201",Pittsburgh
0x89c6c87f64023b2f:0xea820edc7d6ce558,Roy Pitz Barrel House,"Roy Pitz Barrel House, 990 Spring Garden St, Philadelphia, PA 19123",Philadelphia
0x89c65248a129fe0d:0x877af99fb7f39465,Penn Brew Station,"Penn Brew Station, 627 W Baltimore Pike, West Grove, PA 19390",West Grove
0x89c8e5f052e22873:0xee60b37000ec42f4,Big Bottom Brewery - Home Of Al's Pizza & Subs,"Big Bottom Brewery - Home Of Al's Pizza & Subs, 6 Tristan Dr, Dillsburg, PA 17019",Dillsburg
0x89c464610dceaaef:0x4d40c11f486add9,Bangor Trust Brewing,"Bangor Trust Brewing, 50 Broadway, Bangor, PA 18013",Bangor
0x89c6c07d1d2247af:0xe35b70403c33db89,Iron Hill Brewery & Restaurant,"Iron Hill Brewery & Restaurant, 60 Greenfield Ave, Ardmore, PA 19003",Ardmore
0x8834d391ede39af9:0x5fc974fa951b80c0,Unity Brewing,"Unity Brewing, 3862 US-30, Latrobe, PA 15650",Latrobe
0x8834f379ac55a4eb:0xbacb08a6433dd27b,Mastic Trail Brewing,"Mastic Trail Brewing, 1044 Saxonburg Blvd, Glenshaw, PA 15116",Glenshaw
0x89c6c88f79874489:0x3573a3a03709f8b6,The Victoria Freehouse,"The Victoria Freehouse, 10 S Front St, Philadelphia, PA 19106",Philadelphia
0x89c438d38cb32a51:0xb519b2edbc42d519,Miller's Ale House,"Miller's Ale House, 913 Airport Center Rd, Allentown, PA 18109",Allentown
0x89cb45244033dd4d:0x6630594047fdc362,Levity Brewing Co.,"Levity Brewing Co., 1380 Wayne Ave # A, Indiana, PA 15701",Indiana
0x89c854aa8c6be799:0xa9df15161ac28981,Appalachian Brewing Company Gettysburg - Gateway,"Appalachian Brewing Company Gettysburg - Gateway, 70 Presidential Cir, Gettysburg, PA 17325",Gettysburg
0x89c623c442b5b1bf:0x4a462d355935648a,Mad Chef Craft Brewing,"Mad Chef Craft Brewing, 2023 Miller Rd, East Petersburg, PA 17520",East Petersburg
0x883257719c378b5f:0x8f2dc929ba58cc91,TimberCreek Tap & Table,"TimberCreek Tap & Table, 11191 Highline Dr, Meadville, PA 16335",Meadville
0x89c6f5ed409aaaab:0xd91ce2e056ca120c,Estrella Tacos y Mas,"Estrella Tacos y Mas, 202 E Lancaster Ave, Downingtown, PA 19335",Downingtown
0x883362eaf3de1f8f:0x7ea7304caedccdf0,Reclamation Brewing,"Reclamation Brewing, 221 S Main St, Butler, PA 16001",Butler
0x8833c1b71e2ce207:0x3cb5de314853bd11,Brewtus Brewing,"Brewtus Brewing, 23 Chestnut Ave, Sharon, PA 16146",Sharon
0x883362ea471c2463:0xcb4ab8108d1aac4c,Butler Brew Works,"Butler Brew Works, 101 S Main St, Butler, PA 16001",Butler
0x89c6a53fca1a9c3d:0xdafe9daec358607f,Miller's Ale House,"Miller's Ale House, 751 Horsham Rd, Lansdale, PA 19446",Lansdale
0x882d6621582161d3:0x6ad6b377320d037,Arundel Cellars & Brewing Co,"Arundel Cellars & Brewing Co, 11727 E Main St, North East, PA 16428",North East
0x89c8e54001fd70f3:0xcae80d71941d8e9f,Devil's Eye Brewing Co.,"Devil's Eye Brewing Co., 9 N U.S. 15, Dillsburg, PA 17019",Dillsburg
0x89c6b0c1ff29bc4d:0x5c39831f304cb91b,Neshaminy Creek Brewing's Borough Brewhouse,"Neshaminy Creek Brewing's Borough Brewhouse, 208 York Rd, Jenkintown, PA 19046",Jenkintown
0x89c6fac7390b774d:0x77c4529f8eed11eb,McKenzie Brew House,"McKenzie Brew House, 451 Wilmington West Chester Pike, Glen Mills, PA 19342",Glen Mills
0x89c5d3b4869da6f3:0x344a97bfa56b45ba,Kutztown Tavern,"Kutztown Tavern, 272 W Main St, Kutztown, PA 19530",Kutztown
0x89c6f5eb23579411:0xd6c8438b1431dc26,Victory Brewing Company Downingtown,"Victory Brewing Company Downingtown, 420 Acorn Ln, Downingtown, PA 19335",Downingtown
0x89c6bb477891759f:0xd1d447478e2aca1c,Forest & Main Brewing Company,"Forest & Main Brewing Company, 61 N Main St, Ambler, PA 19002",Ambler
0x89c4396f88e14ebb:0xb2bd6b7388b95c9d,Fegley's Allentown Brew Works,"Fegley's Allentown Brew Works, 812 Hamilton St, Allentown, PA 18101",Allentown
0x89c59d1d60edfd39:0xdbaca21abd86e2fa,Berwick Brewing Company,"Berwick Brewing Company, 328 W Front St, Berwick, PA 18603",Berwick
0x89c439e86df7ffe5:0x586198aaf8503a7,Br체 Daddy's Brewing Company,"Br체 Daddy's Brewing Company, 732 Hamilton St, Allentown, PA 18101",Allentown
0x89c618695b457d31:0x38ad773333891e55,Appalachian Brewing Company of Lititz,"Appalachian Brewing Company of Lititz, 55 N Water St, Lititz, PA 17543",Lititz
0x8834f3e9b5439233:0x58ac3df5b628ab0,Cinderlands Warehouse,"Cinderlands Warehouse, 2601 Smallman St, Pittsburgh, PA 15222",Pittsburgh
0x883485fe7b4a1853:0xffd13093e0588a84,Breakneck Tavern,"Breakneck Tavern, 273 Mars Valencia Rd, Mars, PA 16046",Mars
0x8834f182d03e226d:0x56dbf211afd5a333,Penn Brewery Taproom & Kitchen,"Penn Brewery Taproom & Kitchen, 432 First Avenue, Pittsburgh, PA 15219",Pittsburgh
0x89c44d29c573826d:0xe7021ff0b8cfc99,"Red Castle Brewery, Brewpub & Wine Bar","Red Castle Brewery, Brewpub & Wine Bar, 80 E Bridge St, Lehighton, PA 18235",Lehighton
0x89c43bd12fdccde7:0xf3ed5d80a50eddf,The Colony Meadery,"The Colony Meadery, 905 Harrison St #115, Allentown, PA 18103",Allentown
0x89c61426e4b600eb:0xa700ecf404685e26,St Boniface Craft Brewing Co,"St Boniface Craft Brewing Co, 1701 W Main St, Ephrata, PA 17522",Ephrata
0x89c43b62f078ac6d:0x7296fa55e7c3bac4,McCall Collective Brewing Co.,"McCall Collective Brewing Co., 102 E Susquehanna St, Allentown, PA 18103",Allentown
0x89c15650ac760d77:0xecd7dacb9ad103c6,Vault Brewing Company,"Vault Brewing Company, 10 S Main St, Yardley, PA 19067",Yardley
0x89c14d95adad9c67:0x80a6a1d90b0de3b7,Broken Goblet Brewing,"Broken Goblet Brewing, 2500 State Rd. unit d, Andalusia, PA 19020",Andalusia
0x89c46c5a178e93e7:0x8d26fc3d02437ddc,Two Rivers Brewing,"Two Rivers Brewing, 542 Northampton St, Easton, PA 18042",Easton
0x89c5873a05de3ee5:0xf47d994cdc03bd13,Turkey Hill Brewing Company,"Turkey Hill Brewing Company, 991 Central Rd, Bloomsburg, PA 17815",Bloomsburg
0x89c6e907fc6a0615:0x7f80093a35b86e91,Iron Hill Brewery & Restaurant,"Iron Hill Brewery & Restaurant, 30 E State St, Media, PA 19063",Media
0x89c6b9775bbe7007:0xb68597d0121d28f1,Iron Hill Brewery & Restaurant,"Iron Hill Brewery & Restaurant, 8400 Germantown Ave, Philadelphia, PA 19118",Philadelphia
0x89c6b9a3467b4a9d:0xdc82ba4108b76fd9,Earth Bread + Brewery,"Earth Bread + Brewery, 7136 Germantown Ave, Philadelphia, PA 19119",Philadelphia
0x8834f177ccbaf711:0x7518484a0f0c1d19,Hofbr채uhaus Pittsburgh,"Hofbr채uhaus Pittsburgh, 2705 S Water St, Pittsburgh, PA 15203",Pittsburgh
0x8834f1ece0b5cf01:0x471260577d12d4d4,Hough's Taproom & Brewpub,"Hough's Taproom & Brewpub, 563 Greenfield Ave, Pittsburgh, PA 15207",Pittsburgh
0x89c487f0519ae077:0x44b2ad557780116,Sango Kura,"Sango Kura, 39 Broad St, Delaware Water Gap, PA 18327",Delaware Water Gap
0x89c6b894427fb1cd:0x7d0554aee2a8867f,Manayunk Brewing Company,"Manayunk Brewing Company, 4120 Main St, Philadelphia, PA 19127",Philadelphia
0x89c6a8222032bb1b:0x2ad6871db75b56af,Doylestown Brewing Co - Hops Bar and Grill,"Doylestown Brewing Co - Hops Bar and Grill, 52 E State St, Doylestown, PA 18901",Doylestown
0x89c99dd68868fba5:0x53f9dc1896e319f0,Roy Pitz Brewing Company,"Roy Pitz Brewing Company, 140 N 3rd St, Chambersburg, PA 17201",Chambersburg
0x89c6712bdb377dc9:0xcb0da0510100f882,Chatty Monks Brewing Company,"Chatty Monks Brewing Company, 610 Penn Ave, West Reading, PA 19611",West Reading
0x89c625443b6e99bf:0xbcc8f7ceb9dd2e5f,Voodoo Brewery Lancaster,"Voodoo Brewery Lancaster, 325 N Queen St, Lancaster, PA 17603",Lancaster
0x89cea37bdc4936b3:0x1d61ccab692db4ee,Axemann Brewery,"Axemann Brewery, 2042 Axemann Rd Suite 125, Bellefonte, PA 16823",Bellefonte
0x89c438d4ca720425:0xe8d27087f5c95c8d,Chess N Checkers,"Chess N Checkers, 1801 Airport Rd, Allentown, PA 18109",Allentown
0x89c689a87640441f:0x72a184d2527ca83e,Tony Joe's House of Great Eat's,"Tony Joe's House of Great Eat's, 1161 Ridge Rd, Pottstown, PA 19465",Pottstown
0x89c43f22d6695555:0xd1f20996dc0e906a,Grazie Brewhouse & Restaurant,"Grazie Brewhouse & Restaurant, 1860 Catasauqua Rd, Allentown, PA 18109",Allentown
0x89c8c11e8b6235d1:0xa640d9b232c4438e,Appalachian Brewing Company,"Appalachian Brewing Company, 50 N Cameron St, Harrisburg, PA 17101",Harrisburg
0x89c624f26bf2c177:0x85b02d74f62ad2fb,The Taproom,"The Taproom, 25 W King St, Lancaster, PA 17603",Lancaster
0x89c8a4d0234d6e57:0x6f00d97c856be566,Rotunda Brew Pub,"Rotunda Brew Pub, 814 E Chocolate Ave, Hershey, PA 17033",Hershey
0x89c6392da24687c7:0x25d4171e9c3275f4,Smokehouse BBQ & Brews at Plain & Fancy Farm,"Smokehouse BBQ & Brews at Plain & Fancy Farm, 3121 Old Philadelphia Pike, Bird in Hand, PA 17505",Bird in Hand
0x89c8e1d360c41e39:0x781659cfa23b2330,Market Cross Pub & Brewery,"Market Cross Pub & Brewery, 113 N Hanover St, Carlisle, PA 17013",Carlisle
0x89c6f18e9024fd0d:0xa3c8acb2c66bd004,Sterling Pig Public House,"Sterling Pig Public House, 113 W Market St, West Chester, PA 19382",West Chester
0x89c8dd366d9580c1:0xb67c8e757d8cff2d,Appalachian Brewing Co. Mechanicsburg,"Appalachian Brewing Co. Mechanicsburg, 6462 Carlisle Pike, Mechanicsburg, PA 17050",Mechanicsburg
0x89c8bf707dd34eeb:0xce126a9969d63fa4,Lancaster Brewing Company - Harrisburg,"Lancaster Brewing Company - Harrisburg, 469 Eisenhower Blvd, Harrisburg, PA 17111",Harrisburg
0x89cfa8e3b381f757:0xfc240167623d4eb5,Riepstine's Pub,"Riepstine's Pub, 913 Arch St, Williamsport, PA 17701",Williamsport
0x89c6e9416ac4885f:0xf639a76ed6b8899e,Miller's Ale House,"Miller's Ale House, 1119 W Baltimore Pike, Media, PA 19063",Media
0x89c6e9062c9c71a1:0x8bc5d265c64f6f9f,Tap 24,"Tap 24, 36 W State St, Media, PA 19063",Media
0x89c671d05f645391:0xb3d82bd17ec78f0d,Sly Fox Taphouse at the Knitting Mills,"Sly Fox Taphouse at the Knitting Mills, 820 Knitting Mills Way #100, Wyomissing, PA 19610",Wyomissing
0x89c670cc6592b409:0x33206cfe66208cfb,Speckled Hen Cottage Pub,"Speckled Hen Cottage Pub, 30 S 4th St, Reading, PA 19602",Reading
0x89c6b680204904a5:0xac636e7d33e355c5,Grey Lodge Pub,"Grey Lodge Pub, 6235 Frankford Ave, Philadelphia, PA 19135",Philadelphia
0x89c58730a98b1b59:0x2b9c2ea3dc55478c,The Inn at Turkey Hill,"The Inn at Turkey Hill, 991 Central Rd, Bloomsburg, PA 17815",Bloomsburg
0x89c9adf855c26103:0xbd491b05822a0b64,Fourscore Beer Co.,"Fourscore Beer Co., 603 S Washington St, Gettysburg, PA 17325",Gettysburg
0x89c4865e36b7343f:0xe281e00b53bb6383,The Gem and Keystone Brewpub,"The Gem and Keystone Brewpub, 526 River Rd, Shawnee on Delaware, PA 18356",Shawnee on Delaware
0x89c6c7c93af564fb:0xa64fe45554b326ab,Urban Saloon,"Urban Saloon, 2120 Fairmount Ave, Philadelphia, PA 19130",Philadelphia
0x89c6f1469cc685a1:0x74fab621f2c4e90f,Iron Hill Brewery & Restaurant,"Iron Hill Brewery & Restaurant, 3 W Gay St, West Chester, PA 19380",West Chester
0x89cf3f059b5cf23f:0xd103138eb1696ab,Selin's Grove Brewing,"Selin's Grove Brewing, 121 N Market St, Selinsgrove, PA 17870",Selinsgrove
0x89c8e9cef7976dc3:0xc6fb8aabf0b9856f,Isaac's Brewhouse - Mechanicsburg,"Isaac's Brewhouse - Mechanicsburg, 4940 Ritter Rd, Mechanicsburg, PA 17055",Mechanicsburg
0x89c6c23c7690bda3:0x98125bb994bd89f1,Miller's Ale House,"Miller's Ale House, 18 Baltimore Pike, Springfield, PA 19064",Springfield
0x8834ee7451437437:0x4ff0ab5aacac71ea,D's Six Pax and Dogz,"D's Six Pax and Dogz, 1118 S Braddock Ave, Swissvale, PA 15218",Swissvale
0x89c5db654f8ce89b:0xf3088dbd5232af05,1787 Brewing Company,"1787 Brewing Company, 43 S Fourth St, Hamburg, PA 19526",Hamburg
0x89c68655340cfe7f:0x1dfb65a9013129ef,Sly Fox Brewing Company,"Sly Fox Brewing Company, 331 Circle of Progress Dr, Pottstown, PA 19464",Pottstown
0x89c63bbc42c89eb1:0x2d5f6672e796e50d,Lancaster Brewing Company Taproom & Grill,"Lancaster Brewing Company Taproom & Grill, 2323 Lincoln Hwy E, Lancaster, PA 17602",Lancaster
0x89c691f031a11c67:0xa631d38ca321c9fd,Iron Hill Brewery & Restaurant,"Iron Hill Brewery & Restaurant, 130 E Bridge St, Phoenixville, PA 19460",Phoenixville
0x89c690bc8c213eeb:0xabd9328e0e426f14,Appalachian Brewing Company of Collegeville,"Appalachian Brewing Company of Collegeville, 50 W Third Ave, Collegeville, PA 19426",Collegeville
0x89c6939ea231a41b:0x3c0422a196d75170,Sly Fox Taphouse at the Grove,"Sly Fox Taphouse at the Grove, 20 Liberty Blvd #100, Malvern, PA 19355",Malvern
0x89c8c3f7f433a581:0x3ba0ece5ea11aeaf,Jigsy's Brewpub & Restaurant,"Jigsy's Brewpub & Restaurant, 225 N Enola Rd, Enola, PA 17025",Enola
0x88339f202eec6aa5:0x13d91f1760b50e19,TimberCreek Tap & Table,"TimberCreek Tap & Table, 15 Holiday Blvd, Mercer, PA 16137",Mercer
0x8833929c5686afb1:0xf12bd84dbf6888df,Crooked Tongue Brewing LLC,"Crooked Tongue Brewing LLC, 2516 Benjamin Franklin Hwy, Edinburg, PA 16116",Edinburg
0x89c6c0879c57beab:0x466ec22294640698,Tired Hands Brew Cafe,"Tired Hands Brew Cafe, 16 Ardmore Ave, Ardmore, PA 19003",Ardmore
0x89c6c882b225b0ad:0x45a518faecce7844,Justice Guardians,"Justice Guardians, 727 Walnut St, Philadelphia, PA 19106",Philadelphia
0x89c51b61ed2d776d:0xdff8384d1152cecb,Miller's Ale House,"Miller's Ale House, 2310 Wilkes Barre Township Blvd, Wilkes-Barre Township, PA 18702",Wilkes-Barre Township
0x8833bf8ada2ed46b:0x34c765e748f9285d,Stone Church Brewpub,"Stone Church Brewpub, 600 S Hermitage Rd, Hermitage, PA 16148",Hermitage
0x89cebd3cef6d957b:0xb97f43e19aefcc52,Robin Hood Brewing Co.,"Robin Hood Brewing Co., 1796 Zion Rd, Bellefonte, PA 16823",Bellefonte
0x89c6afc34a3d3905:0xf49573e6fd5bc3c7,Miller's Ale House,"Miller's Ale House, 2300 Easton Rd, Willow Grove, PA 19090",Willow Grove
0x89c6b1f8243f4667:0xf0aa0a15951cdf56,The Ways Restaurant & Brewery,"The Ways Restaurant & Brewery, 11 S Easton Rd, Glenside, PA 19038",Glenside
0x89c8b97aa13679b5:0x5f99db5e87c9a0c5,Newfangled Brew Works,"Newfangled Brew Works, 8001 Union Station Blvd, Harrisburg, PA 17111",Harrisburg
0x89cb91719f8c88cf:0x557c0f23b80f7ae8,JJ Hadley,"JJ Hadley, 1400 11th Ave, Altoona, PA 16601",Altoona
0x89c6f49ac67bf1ed:0x3a4b56ca5f6b6483,The Pour House [Exton],"The Pour House [Exton], 116 Pottstown Pike, Exton, PA 19341",Exton
0x89cecaa516101399:0xa8e1dbc11c5dfc8,Shy Bear Brewing,"Shy Bear Brewing, 35 Meadowbrook Ln, Lewistown, PA 17044",Lewistown
0x89c8a43f5bca4cb9:0x587acda33b094f53,Mount Gretna Craft Brewery,"Mount Gretna Craft Brewery, 2701 Horseshoe Pike, Palmyra, PA 17078",Palmyra
0x882d7fe4f670cd47:0x6cff6c2d1cd7ee3a,Voodoo Brewery Erie,"Voodoo Brewery Erie, 101 Boston Store Pl, Erie, PA 16501",Erie
0x88347e4404cd44eb:0x3eef0b1f1248fdb1,The Harmony Inn,"The Harmony Inn, 230 Mercer St, Harmony, PA 16037",Harmony
0x89c67d5c3ece0053:0xeb5ab7ee31dce4a0,Hidden River Brewing Company,"Hidden River Brewing Company, 1808 Schuylkill Road, PA-724, Douglassville, PA 19518",Douglassville
0x89c6935a343a3835:0xcc800cf5d0b79164,La Cabra Brewing,"La Cabra Brewing, 642 Lancaster Ave, Berwyn, PA 19312",Berwyn
0x89cb5b26af866fbb:0xec92347a72977a3a,FireHouse Brewing Co.,"FireHouse Brewing Co., 553 Philadelphia St, Indiana, PA 15701",Indiana
0x89c6a3ce50e8ad95:0x677312b6ea241748,Well Crafted Beer Co.,"Well Crafted Beer Co., 310 Madison St, Lansdale, PA 19446",Lansdale
0x89c6bd78cb825e29:0x2cbd9d4c4b26dcb8,Miller's Ale House,"Miller's Ale House, 500 W Germantown Pike Unit 1700, Plymouth Meeting, PA 19462",Plymouth Meeting
0x89c48b59c2f403ed:0xf4bfb9a7228e6eb2,Barley Creek Brewing Company,"Barley Creek Brewing Company, 1774 Sullivan Trail, Tannersville, PA 18372",Tannersville
0x89c624ed863cd487:0xc6e6baf0a1abe125,Isaac's Brewhouse - Downtown Lancaster,"Isaac's Brewhouse - Downtown Lancaster, 25 N Queen St, Lancaster, PA 17603",Lancaster
0x89cb9e96fc809333:0xd3bd897f2eb61aed,R Beer House,"R Beer House, 101 Park Ave #3, Cresson, PA 16630",Cresson
0x89c3ff4e4038665f:0x1b3905ea327ae077,Triumph Brewing Company of New Hope,"Triumph Brewing Company of New Hope, 400 Union Square Dr, New Hope, PA 18938",New Hope
0x89c6c8b2141b4c8d:0xc749cead49e052a4,Miller's Ale House,"Miller's Ale House, 2100 S Christopher Columbus Blvd, Philadelphia, PA 19148",Philadelphia
0x89c8bb3db19d5d41:0x47f0121ccdd3ff41,Iron Hill Brewery & Restaurant,"Iron Hill Brewery & Restaurant, 101 W Chocolate Ave, Hershey, PA 17033",Hershey
0x89c88f267b597de7:0x4e0dc03a3088a6c9,Mexitaly Brick oven Brewhouse,"Mexitaly Brick oven Brewhouse, 2440 E Market St, York, PA 17402",York
0x89cf19a9a1976d61:0x972b33e95d75c4bb,Rusty Rail Brewing Company,"Rusty Rail Brewing Company, 5 N 8th St #1, Mifflinburg, PA 17844",Mifflinburg
0x89c9a85f3f4a31a5:0x9f99a2738cf6191,Thirsty Farmer Brew Works,"Thirsty Farmer Brew Works, 290 Cashtown Rd #9528, Biglerville, PA 17307",Biglerville
0x89c624625e01510b:0xa994ea4daa4855b5,Iron Hill Brewery & Restaurant,"Iron Hill Brewery & Restaurant, 781 Harrisburg Pike, Lancaster, PA 17603",Lancaster
0x89c43e56aac52bc9:0x1d71865d8b3721a3,Fegley's Bethlehem Brew Works,"Fegley's Bethlehem Brew Works, 559 Main St #101, Bethlehem, PA 18018",Bethlehem
0x89cf7d80a4811769:0xe0a4b1cd5504f296,Marley's Brewery & Grille,"Marley's Brewery & Grille, 1323 Columbia Blvd, Bloomsburg, PA 17815",Bloomsburg
0x89d00bffdbc6403d:0x34c3848f83615f5a,Bluestone Brewing Company,"Bluestone Brewing Company, 18 Pitney St, South Waverly, PA 18840",South Waverly
0x89c6b4bd96008b1f:0x2189a3b35370c208,Maggie's Waterfront Cafe,"Maggie's Waterfront Cafe, 9242 N Delaware Ave, Philadelphia, PA 19114",Philadelphia
0x89c6b397b7dbf035:0x3f7005ba65d234ff,Miller's Ale House,"Miller's Ale House, 9495 Roosevelt Blvd, Philadelphia, PA 19114",Philadelphia
